first_name,last_name,email,password
john,doe,john.doe@example.com,abc123
jane,doe,jane.doe@example.com,xyz456
aravind,sankar,ssankararavind@gmail.com,sas123
shikha,singh,singh.shikha@northeastern.edu,ssh123
rishab,rajesh,agarwal.risha@northeastern.edu,rra123
souvik,dinda,dinda.s@northeastern.edu,sod123
sai,deepak,dogiparthi.sai@northeastern.edu,sdd123
aditya,sawant,sawant.adit@northeastern.edu,ads123
raushan,kumar,jha.rau@northeastern.edu,rkj123
nagendra,babu,shakamuri.n@northeastern.edu,nbs123